<?xml version="1.0" encoding="UTF-8"?>
<!DOCTYPE mapper PUBLIC "-//mybatis.org//DTD Mapper 3.0//EN" "http://mybatis.org/dtd/mybatis-3-mapper.dtd">
<mapper namespace="com.mcp.lottery.mapper.UserOrderLogMapper">

    <resultMap id="ResultMapForUser" type="com.mcp.lottery.model.UserOrderLog">
        <id column="id" jdbcType="BIGINT" property="id"/>
        <result column="rate" property="rate"/>
        <result column="result"  property="result"/>
        <result column="game" property="game"/>
        <result column="money"  property="money"/>
        <result column="code"  property="code"/>
        <result column="term"  property="term"/>
        <result column="settle"  property="settle"/>
        <result column="rule"  property="rule"/>
        <result column="create_at" jdbcType="TIMESTAMP" property="createAt"/>
        <association property="plat" javaType="com.mcp.lottery.model.Plat">
            <result column="plat_id"  property="id"/>
            <result column="name"  property="name"/>
        </association>
        <association property="user" javaType="com.mcp.lottery.model.User">
            <result column="uid"  property="id"/>
            <result column="username"  property="username"/>
        </association>
    </resultMap>


    <select id="getAll" resultMap="ResultMapForUser">
        SELECT  a.*,b.username,c.name from user_order_log a left join user b on a.uid=b.id left join plat c on a.plat_id=c.id
        WHERE 1=1
        <if test="uid != null and uid != ''">
            and  a.uid = #{uid}
        </if>
        <if test="game != null and game != ''">
            and  a.game = #{game}
        </if>
        <if test="day != null and day != ''">
            and
            a.create_at <![CDATA[ >=  ]]> unix_timestamp('${day} 00:00:00')
            and a.create_at <![CDATA[ <=  ]]>   unix_timestamp('${day} 23:59:59')
        </if>
         order by a.create_at desc
    </select>



    <select id="getAllByDays" resultType="java.util.Map" >
        SELECT FROM_UNIXTIME(create_at, '%Y-%m-%d') AS everyday ,count(*) AS num,sum(money) as money,sum(result) as result,sum(result)-sum(money) as bonus  FROM user_order_log
        where settle=1
        <if test="game != null and game != ''">
            and  game = #{game}
        </if>
        <if test="uid != null and uid != ''">
            and  uid = #{uid}
        </if>
        <if test="startTime != null and startTime != ''">
            and create_at <![CDATA[ >=  ]]>   unix_timestamp('${startTime} 00:00:00')
        </if>
        <if test="endTime != null and endTime != ''">
            and create_at <![CDATA[ <=  ]]>   unix_timestamp('${endTime} 23:59:59')
        </if>
        GROUP BY everyday order by everyday desc
    </select>





</mapper>